,NO3N,O2-Dis,SO4-Tot,TEMP,TP,pH,TN,prcp,Sample_Date,GEMS_Station_Number
0,6.51,,44.0,1.2,,,,81.1,2011-01-10,DEU01620
1,4.84,,,,,,,81.1,2011-01-10,DEU01620
2,3.83,9.71,99.8,7.4,,7.46,4.6,28.4,2016-01-10,DEU01620
3,4.85,10.5,101.0,5.9,,7.63,5.0,28.4,2016-01-31,DEU01620
4,4.0,9.85,94.0,5.4,0.065,7.66,6.8,38.5,2021-01-10,DEU01620
5,5.3,11.15,88.7,4.0,0.073,7.8,6.3,38.5,2021-01-31,DEU01620
6,4.73,10.8,66.8,1.0,0.066,7.92,5.9,54.4,2009-01-05,DEU01620
7,4.4,10.5,67.2,6.3,0.0527,7.56,4.9,19.1,2014-01-05,DEU01620
8,3.73,9.24,86.6,6.0,0.0722,7.57,4.7,54.7,2015-01-06,DEU01620
9,5.16,12.0,68.0,5.3,0.0577,7.59,5.8,89.8,2013-01-07,DEU01620
10,5.8,10.94,,5.5,,7.5,6.7,65.7,2018-01-07,DEU01620
11,4.65,8.64,87.8,4.8,,7.65,5.3,18.3,2017-01-08,DEU01620
12,4.59,10.2,72.1,4.4,0.0628,7.62,5.2,97.7,2012-01-09,DEU01620
13,5.62,,,,,,5.4,71.1,2011-10-10,DEU01620
14,,,,,,,5.3,71.1,2011-10-09,DEU01620
15,,,,,0.115,,,67.9,2010-10-11,DEU01620
16,2.86,6.8,73.6,15.8,0.017,7.99,3.6,53.3,2009-10-12,DEU01620
17,4.73,1.9,38.7,8.4,0.027,7.32,5.2,53.3,2009-10-12,DEU01620
18,,,,17.0,,,,92.9,2016-10-03,DEU01620
19,,,,,,,,92.9,2016-10-03,DEU01620
20,4.01,5.13,77.0,,,7.47,4.7,92.9,2016-10-03,DEU01620
21,4.82,,72.5,,,,5.2,92.9,2016-10-03,DEU01620
22,,3.03,,11.2,,7.08,,92.9,2016-10-03,DEU01620
23,5.11,1.62,66.0,6.9,,7.13,5.2,92.9,2016-10-03,DEU01620
24,,,,16.5,,7.3,,60.9,2021-10-03,DEU01620
25,,5.28,,,,,,60.9,2021-10-03,DEU01620
26,3.7,,,,,,,60.9,2021-10-03,DEU01620
27,,0.33,59.3,15.4,0.083,6.9,,60.9,2021-10-03,DEU01620
28,4.6,0.05,58.4,12.5,0.059,7.0,,60.9,2021-10-03,DEU01620
29,3.57,6.45,110.0,15.9,0.0543,8.3,4.8,71.7,2014-10-05,DEU01620
30,4.11,0.53,105.0,12.5,0.08,7.54,4.7,71.7,2014-10-05,DEU01620
31,4.6,2.61,84.6,6.7,0.0633,7.34,5.2,71.7,2014-10-05,DEU01620
32,3.99,6.73,99.6,15.1,0.0238,7.32,4.6,40.4,2015-10-05,DEU01620
33,4.69,,88.5,,0.0398,,,40.4,2015-10-05,DEU01620
34,5.42,2.29,75.1,6.2,0.0565,6.8,5.6,40.4,2015-10-05,DEU01620
35,3.06,8.7,79.2,13.7,0.02,8.86,,49.7,2008-10-06,DEU01620
36,4.06,5.7,53.2,14.3,0.0173,7.51,4.9,69.4,2013-10-07,DEU01620
37,4.23,1.69,50.5,13.5,0.0276,7.33,5.2,69.4,2013-10-07,DEU01620
38,4.62,0.39,36.7,10.9,0.0476,7.1,5.5,69.4,2013-10-07,DEU01620
39,2.805,,103.0,14.8,,,3.7,49.0,2018-10-07,DEU01620
40,,5.81,,,,7.55,,49.0,2018-10-07,DEU01620
41,5.0,3.33,51.5,7.6,,7.89,5.8,49.0,2018-10-07,DEU01620
42,5.014,1.53,49.6,6.3,,7.83,5.9,49.0,2018-10-07,DEU01620
43,3.61,6.25,91.1,14.9,0.0235,7.83,4.6,45.2,2012-10-08,DEU01620
44,4.92,2.81,62.5,6.1,0.038,7.45,5.8,45.2,2012-10-08,DEU01620
45,,,,,,,,45.2,2012-10-08,DEU01620
46,3.92,6.1,103.0,14.2,,7.71,4.7,31.1,2017-10-08,DEU01620
47,,,,,,,,31.1,2017-10-08,DEU01620
48,4.48,,85.2,,,,5.2,31.1,2017-10-08,DEU01620
49,,3.7,,8.6,,7.18,,31.1,2017-10-08,DEU01620
50,4.25,2.09,89.1,6.6,,7.43,5.0,31.1,2017-10-08,DEU01620
51,,,,,,,,40.0,2015-11-01,DEU01620
52,4.21,5.26,98.4,11.1,0.0424,7.35,5.8,40.0,2015-11-02,DEU01620
53,4.39,,89.8,,0.0508,,5.9,40.0,2015-11-02,DEU01620
54,5.05,1.61,71.9,7.0,0.0626,7.07,6.5,40.0,2015-11-02,DEU01620
55,3.46,,105.0,10.8,,,4.2,29.3,2018-11-11,DEU01620
56,,5.96,,,,,,29.3,2018-11-11,DEU01620
57,,,,,,7.13,,29.3,2018-11-11,DEU01620
58,4.186,0.23,71.4,7.8,,7.01,4.9,29.3,2018-11-11,DEU01620
59,,,,,,,4.4,29.3,2018-11-11,DEU01620
60,3.402,0.04,76.1,7.8,,6.94,,29.3,2018-11-11,DEU01620
61,4.28,6.85,92.2,10.6,,8.46,4.4,53.7,2017-11-12,DEU01620
62,,,,,,,,53.7,2017-11-12,DEU01620
63,,,,,,,,53.7,2017-11-12,DEU01620
64,4.47,,90.0,,,,4.8,53.7,2017-11-12,DEU01620
65,,5.91,,10.4,,7.81,,53.7,2017-11-12,DEU01620
66,,,,,,,5.3,53.7,2017-11-12,DEU01620
67,5.25,0.38,80.4,8.5,,7.38,,53.7,2017-11-12,DEU01620
68,3.71,6.19,103.0,13.4,0.0669,7.97,5.0,54.4,2014-11-02,DEU01620
69,3.65,4.66,102.0,12.5,0.0679,7.55,4.9,54.4,2014-11-02,DEU01620
70,3.59,0.08,104.0,9.2,0.0854,7.36,4.9,54.4,2014-11-02,DEU01620
71,3.3,6.69,100.0,9.5,0.0704,7.66,4.6,54.4,2014-11-30,DEU01620
72,4.83,5.2,95.1,10.9,0.031,7.43,4.6,77.4,2008-11-03,DEU01620
73,3.87,7.8,63.8,11.5,0.0405,7.25,5.1,37.5,2013-11-04,DEU01620
74,3.85,7.19,63.5,11.6,0.0441,7.29,5.1,37.5,2013-11-04,DEU01620
75,3.87,7.56,62.5,11.6,0.0417,7.31,5.1,37.5,2013-11-04,DEU01620
76,3.65,5.45,105.0,10.9,0.0476,7.69,4.4,48.8,2012-11-05,DEU01620
77,3.81,0.11,69.4,7.1,0.0369,7.39,4.7,48.8,2012-11-05,DEU01620
78,,,,,,,,48.8,2012-11-05,DEU01620
79,,,,,,,,56.6,2016-11-06,DEU01620
80,,,,12.1,,,,56.6,2016-11-06,DEU01620
81,4.55,4.53,82.0,,,7.29,4.8,56.6,2016-11-06,DEU01620
82,,,,,,,,56.6,2016-11-06,DEU01620
83,4.52,,80.4,,,,4.9,56.6,2016-11-06,DEU01620
84,,3.62,,12.0,,7.27,,56.6,2016-11-06,DEU01620
85,,,,,,,,56.6,2016-11-06,DEU01620
86,4.75,0.46,66.9,7.8,,6.97,5.0,56.6,2016-11-06,DEU01620
87,3.63,,82.3,,,,,55.1,2011-11-07,DEU01620
88,,,40.1,,,,,55.1,2011-11-07,DEU01620
89,3.8,,,12.3,,,,34.6,2021-11-07,DEU01620
90,,,,,,7.38,,34.6,2021-11-07,DEU01620
91,,5.6,,,,,,34.6,2021-11-07,DEU01620
92,,,,,,,,34.6,2021-11-07,DEU01620
93,,,,,,7.37,,34.6,2021-11-07,DEU01620
94,3.9,5.26,70.4,12.2,0.062,,,34.6,2021-11-07,DEU01620
95,3.5,4.7,79.6,11.9,0.07,7.41,,34.6,2021-11-07,DEU01620
96,,,,,0.068,,,22.5,2010-11-08,DEU01620
97,3.56,5.5,67.5,10.5,0.035,7.94,4.2,68.7,2009-11-09,DEU01620
98,3.5,1.3,72.5,9.2,0.063,7.35,4.3,68.7,2009-11-09,DEU01620
99,3.67,7.1,76.3,7.9,0.042,7.46,4.6,5.2,2008-12-01,DEU01620
100,3.97,7.8,105.0,8.9,0.0538,7.4,4.6,47.5,2015-12-01,DEU01620
101,3.91,9.86,108.0,6.3,0.0519,7.29,4.4,69.7,2012-12-10,DEU01620
102,4.73,8.02,83.6,6.9,,7.71,5.0,72.3,2017-12-10,DEU01620
103,4.07,7.93,65.5,8.4,0.0519,7.44,4.7,56.3,2013-12-02,DEU01620
104,,,103.0,,,,,0.1,2011-12-05,DEU01620
105,6.31,,43.4,,,,,0.1,2011-12-05,DEU01620
106,3.8,7.28,73.46,8.8,0.07,7.65,4.4,48.8,2021-12-06,DEU01620
107,3.85,8.6,72.7,7.9,0.047,7.34,4.4,70.9,2009-12-07,DEU01620
108,3.298,7.26,121.0,7.1,,7.68,3.8,12.6,2018-12-09,DEU01620
109,6.19,11.6,53.9,2.8,0.0517,7.19,6.7,61.8,2013-02-11,DEU01620
110,5.36,17.5,45.2,2.5,0.0515,7.6,6.2,78.8,2012-02-13,DEU01620
111,,11.7,,4.3,0.0695,7.58,6.2,58.7,2015-02-02,DEU01620
112,6.9,11.4,36.5,4.1,0.05,7.17,11.4,88.6,2021-02-28,DEU01620
113,5.64,11.0,46.1,2.9,0.058,7.26,6.4,28.4,2008-02-04,DEU01620
114,6.204,9.18,48.8,3.8,,7.67,6.9,74.1,2018-02-04,DEU01620
115,4.6,11.1,86.1,4.2,,7.52,5.4,30.2,2017-02-05,DEU01620
116,,,,,,,,46.1,2011-02-07,DEU01620
117,5.17,,48.4,2.0,,,,46.1,2011-02-07,DEU01620
118,4.97,21.8,51.4,1.6,0.048,8.81,6.6,21.4,2009-02-09,DEU01620
119,4.75,11.7,76.9,4.2,0.0514,7.38,5.1,19.6,2014-02-09,DEU01620
120,5.62,10.2,44.7,6.7,0.27,7.47,6.8,22.5,2008-03-10,DEU01620
121,6.04,,63.6,,,8.18,,26.6,2017-03-12,DEU01620
122,,,,4.0,,,,26.6,2017-03-12,DEU01620
123,,12.1,,,,,7.0,26.6,2017-03-12,DEU01620
124,6.17,,67.3,,,,6.9,26.6,2017-03-12,DEU01620
125,,11.0,,3.1,,7.64,,26.6,2017-03-12,DEU01620
126,4.82,9.28,82.7,2.7,,7.54,5.7,26.6,2017-03-12,DEU01620
127,5.95,11.0,50.0,2.5,0.0478,7.33,7.2,56.7,2013-03-13,DEU01620
128,6.12,9.68,63.6,3.8,,7.6,6.8,63.7,2016-03-13,DEU01620
129,,,,,,7.55,,63.7,2016-03-13,DEU01620
130,6.23,,72.3,,,,6.6,63.7,2016-03-13,DEU01620
131,,9.38,,4.0,,,,63.7,2016-03-13,DEU01620
132,5.43,8.9,82.7,4.2,,7.27,5.8,63.7,2016-03-13,DEU01620
133,4.97,14.8,78.2,4.8,0.0464,8.56,5.5,14.9,2014-03-17,DEU01620
134,5.13,16.0,79.0,4.1,0.0529,8.0,5.7,14.9,2014-03-17,DEU01620
135,5.55,0.4,84.6,3.9,0.0556,7.85,6.1,14.9,2014-03-17,DEU01620
136,3.28,11.4,24.7,4.2,0.0432,7.52,6.1,17.9,2012-03-19,DEU01620
137,3.46,7.35,38.0,3.6,0.0473,7.08,6.2,17.9,2012-03-19,DEU01620
138,,,,,,,,17.9,2012-03-19,DEU01620
139,,,,4.1,,,,10.9,2011-03-21,DEU01620
140,4.83,,49.8,,,,,10.9,2011-03-21,DEU01620
141,6.323,11.92,50.0,1.3,,7.68,7.0,10.8,2018-03-04,DEU01620
142,3.81,13.4,24.8,2.3,0.12,7.52,5.3,58.0,2009-03-09,DEU01620
143,4.75,11.9,67.5,3.2,0.0629,7.19,6.1,5.1,2015-03-09,DEU01620
144,4.56,,68.6,,0.324,,,5.1,2015-03-09,DEU01620
145,4.77,13.5,73.6,3.1,0.0606,7.42,6.1,5.1,2015-03-09,DEU01620
146,4.7,,54.7,,,,,10.9,2011-04-10,DEU01620
147,5.05,,50.4,9.3,,7.29,,10.9,2011-04-11,DEU01620
148,,,,,,,,32.5,2016-04-10,DEU01620
149,7.0,12.5,60.3,6.8,,8.53,7.6,32.5,2016-04-10,DEU01620
150,6.53,,64.1,,,,7.2,32.5,2016-04-10,DEU01620
151,,,,4.3,,,,32.5,2016-04-10,DEU01620
152,,10.1,,,,7.7,,32.5,2016-04-10,DEU01620
153,,,,4.1,,,,32.5,2016-04-10,DEU01620
154,,,,,,7.53,,32.5,2016-04-10,DEU01620
155,6.04,9.15,76.3,,,,6.5,32.5,2016-04-10,DEU01620
156,,12.3,,5.5,,7.48,,34.6,2021-04-11,DEU01620
157,6.4,11.32,51.7,4.5,0.041,7.45,,34.6,2021-04-11,DEU01620
158,,,,,,7.46,,34.6,2021-04-11,DEU01620
159,6.1,10.62,55.1,4.4,0.041,,,34.6,2021-04-11,DEU01620
160,,,,,0.07,,,29.1,2010-04-12,DEU01620
161,6.18,16.2,47.8,13.4,0.059,9.27,6.4,49.4,2009-04-14,DEU01620
162,5.19,10.2,38.3,4.0,0.05,8.45,6.3,49.4,2009-04-14,DEU01620
163,5.43,12.2,49.8,5.9,0.0257,8.04,6.4,11.6,2012-04-16,DEU01620
164,5.52,7.32,59.5,3.5,0.0426,7.4,6.4,11.6,2012-04-16,DEU01620
165,,,,,,,,11.6,2012-04-16,DEU01620
166,,,,9.3,,,,53.4,2017-04-17,DEU01620
167,,,,,,,7.3,53.4,2017-04-17,DEU01620
168,6.7,9.9,58.0,,,8.43,,53.4,2017-04-17,DEU01620
169,6.9,,60.0,,,,7.4,53.4,2017-04-17,DEU01620
170,,8.21,,4.3,,7.69,,53.4,2017-04-17,DEU01620
171,5.6,7.62,83.0,3.6,,7.22,6.2,53.4,2017-04-17,DEU01620
172,,10.0,,,,,,53.4,2017-04-30,DEU01620
173,6.458,,52.6,,,,7.3,49.5,2018-04-02,DEU01620
174,,11.4,,3.6,,7.73,,49.5,2018-04-02,DEU01620
175,,,,,,,,49.5,2018-04-02,DEU01620
176,6.523,12.9,51.3,3.2,,7.65,7.3,49.5,2018-04-02,DEU01620
177,,,,2.9,,,,49.5,2018-04-02,DEU01620
178,6.196,12.5,63.3,,,7.49,7.1,49.5,2018-04-02,DEU01620
179,4.28,12.9,47.5,9.5,0.0342,8.44,6.5,34.9,2015-04-21,DEU01620
180,4.42,,51.1,,0.0528,,6.5,34.9,2015-04-21,DEU01620
181,4.15,10.8,53.7,4.2,0.0573,7.45,6.5,34.9,2015-04-21,DEU01620
182,4.5,19.2,72.4,10.8,0.0238,8.18,5.1,11.4,2014-04-06,DEU01620
183,5.37,12.3,77.5,4.2,0.0517,8.3,5.8,11.4,2014-04-06,DEU01620
184,5.61,10.8,44.8,5.4,0.054,7.66,6.9,61.5,2008-04-07,DEU01620
185,6.01,13.4,54.8,2.5,0.0417,8.18,7.5,29.4,2013-04-09,DEU01620
186,6.32,9.52,55.7,2.7,0.0394,7.66,7.0,29.4,2013-04-09,DEU01620
187,5.9,9.19,56.4,2.9,0.0431,7.59,6.9,29.4,2013-04-09,DEU01620
188,,,,,,,,29.4,2013-04-09,DEU01620
189,,,,,0.03,,,27.6,2010-05-10,DEU01620
190,4.51,12.0,43.9,15.1,0.055,9.33,5.5,67.8,2009-05-11,DEU01620
191,5.49,13.6,46.1,13.8,0.0209,9.1,6.2,55.2,2013-05-13,DEU01620
192,6.52,10.6,51.8,3.8,0.0317,8.08,7.0,55.2,2013-05-13,DEU01620
193,6.28,8.84,54.2,3.3,0.0354,7.67,7.0,55.2,2013-05-13,DEU01620
194,6.268,,46.3,,,,6.6,26.5,2018-05-13,DEU01620
195,,7.7,,14.4,,8.66,,26.5,2018-05-13,DEU01620
196,,,,,,,6.9,26.5,2018-05-13,DEU01620
197,6.234,10.5,46.1,4.3,,8.12,,26.5,2018-05-13,DEU01620
198,,,,,,,,26.5,2018-05-13,DEU01620
199,5.585,12.0,56.0,3.8,,7.92,6.6,26.5,2018-05-13,DEU01620
200,6.73,13.1,59.5,13.8,,8.96,,30.5,2017-05-14,DEU01620
201,,,,,,,7.0,30.5,2017-05-14,DEU01620
202,,8.6,,6.3,,7.82,,30.5,2017-05-14,DEU01620
203,6.5,,68.2,,,,6.6,30.5,2017-05-14,DEU01620
204,,,,,,,,30.5,2017-05-14,DEU01620
205,,,,,,,,30.5,2017-05-14,DEU01620
206,5.86,7.18,81.7,3.6,,7.41,6.2,30.5,2017-05-14,DEU01620
207,,,,,,,,27.2,2021-05-02,DEU01620
208,,13.85,,8.6,,8.58,,27.2,2021-05-02,DEU01620
209,,,,,0.039,,,27.2,2021-05-02,DEU01620
210,6.3,9.56,52.7,5.0,,7.38,,27.2,2021-05-02,DEU01620
211,,,,,,7.39,,27.2,2021-05-02,DEU01620
212,5.2,8.42,71.2,5.7,0.042,,,27.2,2021-05-02,DEU01620
213,4.74,10.4,80.1,11.3,0.0312,8.53,5.4,48.5,2014-05-04,DEU01620
214,5.27,9.14,79.9,4.8,0.0553,8.15,5.7,48.5,2014-05-04,DEU01620
215,5.42,7.48,82.6,4.4,0.0596,7.98,5.9,48.5,2014-05-04,DEU01620
216,3.46,15.6,22.4,13.1,0.054,8.95,6.6,80.9,2008-05-05,DEU01620
217,6.18,13.1,63.1,13.6,0.0307,8.94,6.3,32.2,2015-05-05,DEU01620
218,6.21,,69.8,,0.0477,,6.4,32.2,2015-05-05,DEU01620
219,5.98,9.88,74.3,4.3,0.0551,7.66,6.3,32.2,2015-05-05,DEU01620
220,5.17,9.97,56.3,14.1,0.0292,8.72,5.6,12.3,2012-05-07,DEU01620
221,4.24,5.12,54.3,3.8,0.0867,7.32,6.0,12.3,2012-05-07,DEU01620
222,,,,,,,,12.3,2012-05-07,DEU01620
223,,,,7.7,,,,34.6,2011-05-08,DEU01620
224,,,,13.5,0.05,7.38,,34.6,2011-05-09,DEU01620
225,,,,,,,,54.4,2016-05-08,DEU01620
226,6.24,10.6,63.7,10.2,,8.35,6.9,54.4,2016-05-08,DEU01620
227,,,,,,,,54.4,2016-05-08,DEU01620
228,6.19,,65.7,,,,6.8,54.4,2016-05-08,DEU01620
229,,9.38,,4.7,,7.6,,54.4,2016-05-08,DEU01620
230,,,,,,,,54.4,2016-05-08,DEU01620
231,5.89,8.19,77.3,4.3,,7.42,6.4,54.4,2016-05-08,DEU01620
232,4.75,6.57,79.0,16.1,0.0273,8.11,5.2,57.4,2014-06-01,DEU01620
233,4.99,4.93,73.2,5.2,0.0508,7.77,5.6,57.4,2014-06-01,DEU01620
234,4.67,3.39,76.0,4.6,0.0576,7.57,5.7,57.4,2014-06-01,DEU01620
235,4.83,9.16,61.0,15.8,0.027,8.0,6.2,21.4,2015-06-01,DEU01620
236,5.02,,63.1,,0.213,,6.1,21.4,2015-06-01,DEU01620
237,5.06,9.69,67.2,4.6,0.0555,7.65,6.2,21.4,2015-06-01,DEU01620
238,5.63,9.35,47.1,16.6,0.0197,7.85,6.2,152.2,2013-06-10,DEU01620
239,5.48,6.69,41.5,10.2,0.0569,7.26,5.8,152.2,2013-06-10,DEU01620
240,5.9,7.56,47.3,6.6,0.036,7.14,6.3,152.2,2013-06-10,DEU01620
241,,,,,,,,152.2,2013-06-10,DEU01620
242,4.94,10.5,67.4,17.6,0.0154,8.64,5.5,42.0,2012-06-11,DEU01620
243,5.47,4.22,58.9,4.1,0.0388,7.21,5.9,42.0,2012-06-11,DEU01620
244,,,,,,,,42.0,2012-06-11,DEU01620
245,6.55,9.41,69.2,21.0,,8.04,,63.3,2017-06-11,DEU01620
246,,,,,,,6.8,63.3,2017-06-11,DEU01620
247,6.43,,72.0,,,,6.7,63.3,2017-06-11,DEU01620
248,,9.06,,4.9,,7.34,,63.3,2017-06-11,DEU01620
249,,,,,,,,63.3,2017-06-11,DEU01620
250,5.99,7.23,82.4,3.9,,7.26,6.1,63.3,2017-06-11,DEU01620
251,4.77,8.5,44.4,22.0,0.021,8.32,6.1,16.3,2008-06-02,DEU01620
252,5.919,,49.7,,,,6.3,35.1,2018-06-03,DEU01620
253,,5.88,,17.1,,8.6,,35.1,2018-06-03,DEU01620
254,,,,,,,,35.1,2018-06-03,DEU01620
255,6.409,,,,,,,35.1,2018-06-03,DEU01620
256,,9.94,44.4,4.3,,7.91,6.7,35.1,2018-06-03,DEU01620
257,,,,,,,,35.1,2018-06-03,DEU01620
258,,,46.1,4.1,,,,35.1,2018-06-03,DEU01620
259,6.041,6.85,,,,7.71,6.4,35.1,2018-06-03,DEU01620
260,,,,,,7.61,,31.4,2011-06-05,DEU01620
261,,,,,0.0293,7.89,,31.4,2011-06-06,DEU01620
262,5.84,7.36,61.6,15.2,,7.94,7.3,36.1,2016-06-05,DEU01620
263,,,,,,,,36.1,2016-06-05,DEU01620
264,5.95,,63.6,,,,7.0,36.1,2016-06-05,DEU01620
265,,8.7,,5.2,,7.43,,36.1,2016-06-05,DEU01620
266,,,,4.5,,,,36.1,2016-06-05,DEU01620
267,5.77,7.73,74.7,,,7.41,6.5,36.1,2016-06-05,DEU01620
268,4.33,8.8,52.2,15.9,0.018,8.62,5.1,53.2,2009-06-07,DEU01620
269,6.97,6.1,49.0,4.8,0.043,7.0,6.1,53.2,2009-06-07,DEU01620
270,,,,,0.022,,,90.1,2010-06-07,DEU01620
271,,9.08,,13.7,,7.72,,89.8,2021-06-08,DEU01620
272,,,,,,,,89.8,2021-06-08,DEU01620
273,6.2,8.58,55.3,5.8,0.028,7.27,,89.8,2021-06-08,DEU01620
274,,,,5.5,,,,89.8,2021-06-08,DEU01620
275,,,,,0.034,,,89.8,2021-06-08,DEU01620
276,5.8,6.39,60.6,,,7.16,,89.8,2021-06-08,DEU01620
277,,,,,0.0272,,,117.6,2011-07-10,DEU01620
278,,11.0,,,0.01,,,117.6,2011-07-11,DEU01620
279,,,,,,,,115.2,2016-07-10,DEU01620
280,,,67.6,,,,,115.2,2016-07-10,DEU01620
281,5.13,8.1,,21.1,,8.76,5.8,115.2,2016-07-10,DEU01620
282,5.95,,65.6,,,,6.6,115.2,2016-07-10,DEU01620
283,,8.13,,6.3,,7.4,,115.2,2016-07-10,DEU01620
284,,,,,,,,115.2,2016-07-10,DEU01620
285,6.07,6.37,66.8,5.0,,7.38,6.7,115.2,2016-07-10,DEU01620
286,,,,,0.025,,,32.3,2010-07-12,DEU01620
287,4.99,8.6,81.8,20.0,0.018,8.62,5.1,97.1,2009-07-13,DEU01620
288,5.56,5.1,40.7,5.9,0.033,7.01,6.7,97.1,2009-07-13,DEU01620
289,6.0,10.5,81.5,20.8,,9.22,6.0,75.2,2017-07-16,DEU01620
290,,,,,,,,75.2,2017-07-16,DEU01620
291,,,,,,,,75.2,2017-07-16,DEU01620
292,6.29,,73.3,,,,6.5,75.2,2017-07-16,DEU01620
293,,7.31,,5.4,,7.12,,75.2,2017-07-16,DEU01620
294,,,,,,,,75.2,2017-07-16,DEU01620
295,,,,,,,,75.2,2017-07-16,DEU01620
296,5.52,5.15,75.6,4.2,,7.06,5.9,75.2,2017-07-16,DEU01620
297,,,,,,,,65.0,2021-07-04,DEU01620
298,,9.5,,19.8,,7.84,,65.0,2021-07-04,DEU01620
299,,,,,,,,65.0,2021-07-04,DEU01620
300,6.1,8.23,53.9,6.1,0.031,7.27,,65.0,2021-07-04,DEU01620
301,,,,,,,,65.0,2021-07-04,DEU01620
302,,,,5.7,,,,65.0,2021-07-04,DEU01620
303,5.8,5.63,58.1,,0.038,7.14,,65.0,2021-07-04,DEU01620
304,3.46,12.8,87.3,22.2,0.0229,9.4,5.0,27.6,2014-07-06,DEU01620
305,4.45,8.5,68.5,5.2,0.0531,7.8,5.8,27.6,2014-07-06,DEU01620
306,4.36,5.6,71.4,4.8,0.0544,7.6,5.9,27.6,2014-07-06,DEU01620
307,5.35,11.1,72.1,24.5,0.0122,8.89,5.6,69.6,2015-07-06,DEU01620
308,5.91,,72.7,,0.0392,,6.3,69.6,2015-07-06,DEU01620
309,6.17,8.77,73.5,5.0,0.057,7.3,6.4,69.6,2015-07-06,DEU01620
310,4.35,11.3,52.8,22.8,0.019,9.03,5.9,53.7,2008-07-07,DEU01620
311,5.56,10.5,45.9,20.6,0.01,8.66,5.7,105.8,2013-07-08,DEU01620
312,6.02,5.3,45.4,11.2,0.0495,7.38,6.6,105.8,2013-07-08,DEU01620
313,5.69,5.7,44.1,9.8,0.0258,7.18,6.1,105.8,2013-07-08,DEU01620
314,,,,,,,,105.8,2013-07-08,DEU01620
315,4.69,9.79,76.1,21.5,0.01,8.85,5.2,73.3,2012-07-09,DEU01620
316,5.76,3.86,61.8,4.2,0.0458,7.52,6.2,73.3,2012-07-09,DEU01620
317,,,,,,,,73.3,2012-07-09,DEU01620
318,3.52,10.6,63.8,22.7,0.02,9.26,4.7,47.3,2009-08-10,DEU01620
319,5.36,4.5,38.7,6.5,0.037,7.08,6.1,47.3,2009-08-10,DEU01620
320,,,,20.2,,,,120.2,2017-08-13,DEU01620
321,4.48,,82.2,,,8.61,5.3,120.2,2017-08-13,DEU01620
322,,7.54,,,,,,120.2,2017-08-13,DEU01620
323,5.64,,77.3,,,,5.8,120.2,2017-08-13,DEU01620
324,,,,,,6.99,,120.2,2017-08-13,DEU01620
325,,6.38,,6.4,,,,120.2,2017-08-13,DEU01620
326,5.65,4.63,70.8,4.7,,6.94,5.8,120.2,2017-08-13,DEU01620
327,4.21,8.85,74.6,19.9,0.01,9.04,4.8,112.6,2012-08-14,DEU01620
328,5.41,2.76,55.6,4.6,0.0393,7.1,5.7,112.6,2012-08-14,DEU01620
329,,,,,,,,112.6,2012-08-14,DEU01620
330,,,,,,,,81.8,2015-08-02,DEU01620
331,4.91,9.42,75.3,20.7,0.01,8.53,5.3,81.8,2015-08-03,DEU01620
332,5.54,,71.7,,0.0378,,5.9,81.8,2015-08-03,DEU01620
333,5.92,6.89,72.2,5.2,0.0576,7.17,6.2,81.8,2015-08-03,DEU01620
334,3.18,14.2,104.0,23.4,0.015,9.82,4.1,141.2,2014-08-03,DEU01620
335,4.95,7.96,78.2,5.7,0.0515,7.77,5.7,141.2,2014-08-03,DEU01620
336,4.85,5.9,81.5,5.1,0.0534,7.63,5.5,141.2,2014-08-03,DEU01620
337,2.97,11.3,106.0,18.2,0.0261,9.65,4.0,141.2,2014-08-31,DEU01620
338,4.8,6.91,79.3,6.6,0.0453,7.98,5.3,141.2,2014-08-31,DEU01620
339,4.96,5.48,81.1,5.4,0.0541,7.75,5.4,141.2,2014-08-31,DEU01620
340,4.11,10.6,59.5,21.1,0.016,9.47,4.9,72.6,2008-08-04,DEU01620
341,4.52,9.06,45.6,24.3,0.01,9.24,4.7,43.3,2013-08-05,DEU01620
342,5.93,5.57,41.2,11.7,0.0451,7.3,6.1,43.3,2013-08-05,DEU01620
343,5.19,5.4,31.9,9.8,0.0511,7.13,5.4,43.3,2013-08-05,DEU01620
344,,,,,,,,43.3,2013-08-05,DEU01620
345,,8.69,,,,,,80.3,2011-08-07,DEU01620
346,,7.49,,,,,6.3,80.3,2011-08-08,DEU01620
347,,,,21.2,,,,118.9,2016-08-07,DEU01620
348,4.59,9.27,67.0,,,8.91,5.4,118.9,2016-08-07,DEU01620
349,,,,,,,,118.9,2016-08-07,DEU01620
350,5.56,,65.8,,,,6.0,118.9,2016-08-07,DEU01620
351,,6.52,,8.1,,7.18,,118.9,2016-08-07,DEU01620
352,,,,,,,,118.9,2016-08-07,DEU01620
353,5.86,5.01,65.9,5.6,,7.2,6.2,118.9,2016-08-07,DEU01620
354,,,,,,,,103.8,2021-08-08,DEU01620
355,,,,20.1,,,,103.8,2021-08-08,DEU01620
356,,9.92,,,,8.93,,103.8,2021-08-08,DEU01620
357,,,,,,,,103.8,2021-08-08,DEU01620
358,,,,,0.028,,,103.8,2021-08-08,DEU01620
359,5.6,3.26,55.5,13.2,,7.14,,103.8,2021-08-08,DEU01620
360,,,,,,,,103.8,2021-08-08,DEU01620
361,5.8,,,,,,,103.8,2021-08-08,DEU01620
362,,5.55,55.3,10.2,0.042,7.2,,103.8,2021-08-08,DEU01620
363,,,,,0.026,,,102.2,2010-08-09,DEU01620
364,3.51,13.7,67.4,20.2,0.023,9.66,4.6,40.6,2008-09-01,DEU01620
365,4.18,11.1,80.1,23.1,0.01,9.04,4.7,36.9,2015-09-01,DEU01620
366,5.32,,73.5,,0.0331,,5.7,36.9,2015-09-01,DEU01620
367,5.48,5.64,68.4,5.5,0.0555,7.16,5.7,36.9,2015-09-01,DEU01620
368,3.39,8.83,85.9,19.4,0.0213,8.81,4.5,49.0,2012-09-10,DEU01620
369,4.94,3.07,57.7,4.9,0.0452,7.44,5.5,49.0,2012-09-10,DEU01620
370,,,,,,,,49.0,2012-09-10,DEU01620
371,,,,,,,,59.0,2017-09-10,DEU01620
372,,,,18.2,,,,59.0,2017-09-10,DEU01620
373,4.23,8.28,97.4,,,8.6,5.3,59.0,2017-09-10,DEU01620
374,,,,,,,,59.0,2017-09-10,DEU01620
375,5.13,,84.4,,,,5.9,59.0,2017-09-10,DEU01620
376,,,,,,7.1,,59.0,2017-09-10,DEU01620
377,,5.19,,7.5,,,,59.0,2017-09-10,DEU01620
378,4.59,2.85,60.7,5.5,,6.1,6.3,59.0,2017-09-10,DEU01620
379,,,,,,,,73.8,2011-09-12,DEU01620
380,6.87,,88.3,,,,4.2,73.8,2011-09-12,DEU01620
381,,,,,0.044,,,146.5,2010-09-13,DEU01620
382,4.25,6.75,56.6,18.8,0.0118,7.88,5.2,57.6,2013-09-02,DEU01620
383,5.65,2.75,45.6,12.0,0.0414,7.2,6.2,57.6,2013-09-02,DEU01620
384,5.18,2.06,36.9,10.0,0.0506,7.11,5.8,57.6,2013-09-02,DEU01620
385,,,,,,,,57.6,2013-09-02,DEU01620
386,4.599,,72.3,19.3,,,5.3,23.7,2018-09-02,DEU01620
387,,5.94,,,,8.58,,23.7,2018-09-02,DEU01620
388,,,,,,,,23.7,2018-09-02,DEU01620
389,5.866,6.14,49.6,5.8,,7.5,6.5,23.7,2018-09-02,DEU01620
390,5.185,2.28,49.2,5.1,,7.27,5.8,23.7,2018-09-02,DEU01620
391,2.78,9.4,73.3,18.8,,8.66,,47.6,2009-09-21,DEU01620
392,4.95,2.0,38.1,7.2,,7.68,,47.6,2009-09-21,DEU01620
393,2.87,9.2,65.8,19.7,0.014,8.86,3.9,47.6,2009-09-07,DEU01620
394,4.83,2.7,36.5,6.9,0.034,7.59,5.6,47.6,2009-09-07,DEU01620
395,,,,,,,4.6,41.8,2016-09-04,DEU01620
396,,,,,,9.28,,41.8,2016-09-04,DEU01620
397,3.92,12.9,71.9,20.8,,,,41.8,2016-09-04,DEU01620
398,5.12,,69.1,,,,5.3,41.8,2016-09-04,DEU01620
399,,6.18,,9.2,,7.21,,41.8,2016-09-04,DEU01620
400,,,,,,7.18,,41.8,2016-09-04,DEU01620
401,5.6,4.21,63.1,6.2,,,5.9,41.8,2016-09-04,DEU01620
402,,6.5,,17.8,,7.68,,120.5,2021-09-05,DEU01620
403,4.1,0.08,62.4,15.5,0.06,7.02,,120.5,2021-09-05,DEU01620
404,,,,,,,,120.5,2021-09-05,DEU01620
405,5.6,1.25,60.4,11.2,0.038,7.04,,120.5,2021-09-05,DEU01620
